Code list,Coding system,Condition,Sub-condition,Source 
readv2_5_benign_brain.csv,Readv2,Benign neoplasm of brain and other parts of central nervous system,Benign neoplasm of brain and other parts of central nervous system,"Kuan et al., 2019 - adapted to 5-digit codes"
readv2_5_haem_other.csv,Readv2,Haematological malignancies,Haematological malignancy - other,"Kuan et al., 2019 - adapted to 5-digit codes"
readv2_5_hodgkins.csv,Readv2,Haematological malignancies,Hodgkin Lymphoma,"Kuan et al., 2019 - adapted to 5-digit codes"
readv2_5_leukaemia.csv,Readv2,Haematological malignancies,Leukaemia,"Kuan et al., 2019 - adapted to 5-digit codes"
readv2_5_MGUS.csv,Readv2,Haematological malignancies,Monoclonal gammopathy of undetermined significance (MGUS),"Kuan et al., 2019 - adapted to 5-digit codes"
readv2_5_plasmacell.csv,Readv2,Haematological malignancies,Multiple myeloma and malignant plasma cell neoplasms,"Kuan et al., 2019 - adapted to 5-digit codes"
readv2_5_MDS.csv,Readv2,Haematological malignancies,Myelodysplastic syndromes,"Kuan et al., 2019 - adapted to 5-digit codes"
readv2_5_NHL.csv,Readv2,Haematological malignancies,Non-Hodgkin Lymphoma,"Kuan et al., 2019 - adapted to 5-digit codes"
readv2_5_PCV.csv,Readv2,Haematological malignancies,Polycythaemia vera,"Kuan et al., 2019 - adapted to 5-digit codes"
readv2_5_pri_skin.csv,Readv2,Non-melanoma skin malignancies,Primary Malignancy_Other Skin and subcutaneous tissue,"Kuan et al., 2019 - adapted to 5-digit codes"
readv2_5_pri_biliary.csv,Readv2,Solid organ malignancies,Primary Malignancy_biliary tract,"Kuan et al., 2019 - adapted to 5-digit codes"
readv2_5_pri_bladder.csv,Readv2,Solid organ malignancies,Primary Malignancy_Bladder,"Kuan et al., 2019 - adapted to 5-digit codes"
readv2_5_pri_bone.csv,Readv2,Solid organ malignancies,Primary Malignancy_Bone and articular cartilage,"Kuan et al., 2019 - adapted to 5-digit codes"
readv2_5_pri_brain.csv,Readv2,Solid organ malignancies,"Primary Malignancy_Brain, Other CNS and Intracranial","Kuan et al., 2019 - adapted to 5-digit codes"
readv2_5_pri_breast.csv,Readv2,Solid organ malignancies,Primary Malignancy_Breast,"Kuan et al., 2019 - adapted to 5-digit codes"
readv2_5_pri_cervical.csv,Readv2,Solid organ malignancies,Primary Malignancy_Cervical,"Kuan et al., 2019 - adapted to 5-digit codes"
readv2_5_pri_bowel.csv,Readv2,Solid organ malignancies,Primary Malignancy_colorectal and anus,"Kuan et al., 2019 - adapted to 5-digit codes"
readv2_5_pri_kidney.csv,Readv2,Solid organ malignancies,Primary Malignancy_Kidney and Ureter,"Kuan et al., 2019 - adapted to 5-digit codes"
readv2_5_pri_liver.csv,Readv2,Solid organ malignancies,Primary Malignancy_Liver,"Kuan et al., 2019 - adapted to 5-digit codes"
readv2_5_pri_lung.csv,Readv2,Solid organ malignancies,Primary Malignancy_Lung and trachea,"Kuan et al., 2019 - adapted to 5-digit codes"
readv2_5_pri_melanoma.csv,Readv2,Solid organ malignancies,Primary Malignancy_Malignant Melanoma,"Kuan et al., 2019 - adapted to 5-digit codes"
readv2_5_pri_mesothelioma.csv,Readv2,Solid organ malignancies,Primary Malignancy_Mesothelioma,"Kuan et al., 2019 - adapted to 5-digit codes"
readv2_5_pri_multindep.csv,Readv2,Solid organ malignancies,Primary Malignancy_Multiple independent sites,"Kuan et al., 2019 - adapted to 5-digit codes"
readv2_5_pri_oesoph.csv,Readv2,Solid organ malignancies,Primary Malignancy_Oesophageal,"Kuan et al., 2019 - adapted to 5-digit codes"
readv2_5_pri_oroph.csv,Readv2,Solid organ malignancies,Primary Malignancy_Oro-pharyngeal,"Kuan et al., 2019 - adapted to 5-digit codes"
readv2_5_pri_other.csv,Readv2,Solid organ malignancies,Primary Malignancy_Other Organs,"Kuan et al., 2019 - adapted to 5-digit codes, modification (see suplementary table 4 of paper by Prigge et al [in preparation])"
readv2_5_pri_ovarian.csv,Readv2,Solid organ malignancies,Primary Malignancy_Ovarian,"Kuan et al., 2019 - adapted to 5-digit codes"
readv2_5_pri_pancr.csv,Readv2,Solid organ malignancies,Primary Malignancy_Pancreatic,"Kuan et al., 2019 - adapted to 5-digit codes"
readv2_5_pri_prost.csv,Readv2,Solid organ malignancies,Primary Malignancy_Prostate,"Kuan et al., 2019 - adapted to 5-digit codes"
readv2_5_pri_stomach.csv,Readv2,Solid organ malignancies,Primary Malignancy_Stomach,"Kuan et al., 2019 - adapted to 5-digit codes"
readv2_5_pri_testis.csv,Readv2,Solid organ malignancies,Primary Malignancy_Testicular,"Kuan et al., 2019 - adapted to 5-digit codes"
readv2_5_pri_thyroid.csv,Readv2,Solid organ malignancies,Primary Malignancy_Thyroid,"Kuan et al., 2019 - adapted to 5-digit codes"
readv2_5_pri_uterine.csv,Readv2,Solid organ malignancies,Primary Malignancy_Uterine,"Kuan et al., 2019 - adapted to 5-digit codes"
readv2_5_sec_adrenal.csv,Readv2,Solid organ malignancies,Secondary Malignancy_Adrenal gland,"Kuan et al., 2019 - adapted to 5-digit codes"
readv2_5_sec_bone.csv,Readv2,Solid organ malignancies,Secondary Malignancy_Bone,"Kuan et al., 2019 - adapted to 5-digit codes"
readv2_5_sec_bowel.csv,Readv2,Solid organ malignancies,Secondary Malignancy_Bowel,"Kuan et al., 2019 - adapted to 5-digit codes"
readv2_5_sec_brain.csv,Readv2,Solid organ malignancies,"Secondary Malignancy_Brain, Other CNS and Intracranial","Kuan et al., 2019 - adapted to 5-digit codes"
readv2_5_sec_liver.csv,Readv2,Solid organ malignancies,Secondary malignancy_Liver and intrahepatic bile duct,"Kuan et al., 2019 - adapted to 5-digit codes"
readv2_5_sec_lung.csv,Readv2,Solid organ malignancies,Secondary Malignancy_Lung,"Kuan et al., 2019 - adapted to 5-digit codes"
readv2_5_sec_LN.csv,Readv2,Solid organ malignancies,Secondary Malignancy_Lymph Nodes,"Kuan et al., 2019 - adapted to 5-digit codes"
readv2_5_sec_other.csv,Readv2,Solid organ malignancies,Secondary Malignancy_Other organs,"Kuan et al., 2019 - adapted to 5-digit codes"
readv2_5_sec_pleura.csv,Readv2,Solid organ malignancies,Secondary Malignancy_Pleura,"Kuan et al., 2019 - adapted to 5-digit codes"
readv2_5_sec_peritoneum.csv,Readv2,Solid organ malignancies,Secondary Malignancy_retroperitoneum and peritoneum,"Kuan et al., 2019 - adapted to 5-digit codes"
readv2_5_dcm.csv,Readv2,Cardiomyopathy,Dilated cardiomyopathy,"Kuan et al., 2019 - adapted to 5-digit codes"
readv2_5_hocm.csv,Readv2,Cardiomyopathy,Hypertrophic Cardiomyopathy,"Kuan et al., 2019 - adapted to 5-digit codes"
readv2_5_cardiomyo_oth.csv,Readv2,Cardiomyopathy,Other Cardiomyopathy,"Kuan et al., 2019 - adapted to 5-digit codes"
readv2_5_av_block_3.csv,Readv2,Conduction disorders and other arrhythmias,"Atrioventricular block, complete","Kuan et al., 2019 - adapted to 5-digit codes"
readv2_5_sick_sinus.csv,Readv2,Conduction disorders and other arrhythmias,Sick sinus syndrome,"Kuan et al., 2019 - adapted to 5-digit codes"
readv2_5_SVT.csv,Readv2,Conduction disorders and other arrhythmias,Supraventricular tachycardia,"Kuan et al., 2019 - adapted to 5-digit codes"
readv2_5_CHD_NOS.csv,Readv2,Coronary heart disease,Coronary heart disease not otherwise specified,"Kuan et al., 2019 - adapted to 5-digit codes"
readv2_5_myocardial_infarction.csv,Readv2,Coronary heart disease,Myocardial infarction,"Kuan et al., 2019 - adapted to 5-digit codes"
readv2_5_stable_angina.csv,Readv2,Coronary heart disease,Stable angina,"Kuan et al., 2019 - adapted to 5-digit codes"
readv2_5_unstable_angina.csv,Readv2,Coronary heart disease,Unstable Angina,"Kuan et al., 2019 - adapted to 5-digit codes"
readv2_5_mult_valve.csv,Readv2,Heart valve disorders,Multiple valve dz,"Kuan et al., 2019 - adapted to 5-digit codes"
readv2_5_nonRh_aortic.csv,Readv2,Heart valve disorders,Nonrheumatic aortic valve disorders,"Kuan et al., 2019 - adapted to 5-digit codes"
readv2_5_nonRh_mitral.csv,Readv2,Heart valve disorders,Nonrheumatic mitral valve disorders,"Kuan et al., 2019 - adapted to 5-digit codes"
readv2_5_Rh_valve.csv,Readv2,Heart valve disorders,Rheumatic valve dz,"Kuan et al., 2019 - adapted to 5-digit codes"
readv2_5_Intracereb_haem.csv,Readv2,Stroke,Intracerebral haemorrhage,"Kuan et al., 2019 - adapted to 5-digit codes"
readv2_5_Isch_stroke.csv,Readv2,Stroke,Ischaemic stroke,"Kuan et al., 2019 - adapted to 5-digit codes"
readv2_5_Stroke_NOS.csv,Readv2,Stroke,Stroke NOS,"Kuan et al., 2019 - adapted to 5-digit codes"
readv2_5_AF.csv,Readv2,Atrial fibrillation,Atrial fibrillation,"Kuan et al., 2019 - adapted to 5-digit codes"
readv2_5_hf.csv,Readv2,Heart failure,Heart failure,"Kuan et al., 2019 - adapted to 5-digit codes"
readv2_5_hypertension.csv,Readv2,Hypertension,Hypertension,"Kuan et al., 2019 - adapted to 5-digit codes, modification (see suplementary table 4 of paper by Prigge et al [in preparation])"
readv2_5_peripheral_arterial_disease.csv,Readv2,Peripheral arterial disease,Peripheral arterial disease,"Kuan et al., 2019 - adapted to 5-digit codes"
readv2_5_prim_pulm_htn.csv,Readv2,Primary pulmonary hypertension,Primary pulmonary hypertension,"Kuan et al., 2019 - adapted to 5-digit codes"
readv2_5_subarach.csv,Readv2,Stroke,Subarachnoid haemorrhage,"Kuan et al., 2019 - adapted to 5-digit codes"
readv2_5_TIA.csv,Readv2,Transient ischaemic attack,Transient ischaemic attack,"Kuan et al., 2019 - adapted to 5-digit codes"
readv2_5_liver_alc.csv,Readv2,Chronic liver disease,Alcoholic liver disease,"Kuan et al., 2019 - adapted to 5-digit codes, modification (see suplementary table 4 of paper by Prigge et al [in preparation])"
readv2_5_autoimm_liver.csv,Readv2,Chronic liver disease,Autoimmune liver disease,"Kuan et al., 2019 - adapted to 5-digit codes"
readv2_5_liver_fail.csv,Readv2,Chronic liver disease,Hepatic failure,"Kuan et al., 2019 - adapted to 5-digit codes"
readv2_5_cirrhosis.csv,Readv2,Chronic liver disease,"Liver fibrosis, sclerosis and cirrhosis","Kuan et al., 2019 - adapted to 5-digit codes"
readv2_5_portal_htn.csv,Readv2,Chronic liver disease,Portal hypertension,"Kuan et al., 2019 - adapted to 5-digit codes"
readv2_5_barretts.csv,Readv2,"Gastro-oesophageal reflux, gastritis and similar",Barrett's oesophagus,"Kuan et al., 2019 - adapted to 5-digit codes"
readv2_5_gastritis_duodenitis.csv,Readv2,"Gastro-oesophageal reflux, gastritis and similar",Gastritis and duodenitis,"Kuan et al., 2019 - adapted to 5-digit codes"
readv2_5_GORD.csv,Readv2,"Gastro-oesophageal reflux, gastritis and similar",Gastro-oesophageal reflux disease,"Kuan et al., 2019 - adapted to 5-digit codes"
readv2_5_oesoph_ulc.csv,Readv2,"Gastro-oesophageal reflux, gastritis and similar",Oesophagitis and oesophageal ulcer,"Kuan et al., 2019 - adapted to 5-digit codes"
readv2_5_crohns.csv,Readv2,Inflammatory bowel disease,Crohn's disease,"Kuan et al., 2019 - adapted to 5-digit codes"
readv2_5_ulc_colitis.csv,Readv2,Inflammatory bowel disease,Ulcerative colitis,"Kuan et al., 2019 - adapted to 5-digit codes"
readv2_5_coeliac.csv,Readv2,Coeliac disease,Coeliac disease,"Kuan et al., 2019 - adapted to 5-digit codes"
readv2_5_diverticuli.csv,Readv2,Diverticular disease of intestine (acute and chronic),Diverticular disease of intestine (acute and chronic),"Kuan et al., 2019 - adapted to 5-digit codes"
readv2_5_fatty_liver.csv,Readv2,Fatty Liver,Fatty Liver,"Kuan et al., 2019 - adapted to 5-digit codes"
readv2_5_IBS.csv,Readv2,Irritable bowel syndrome,Irritable bowel syndrome,"Kuan et al., 2019 - adapted to 5-digit codes"
readv2_5_ulcer_peptic.csv,Readv2,Peptic ulcer disease,Peptic ulcer disease,"Kuan et al., 2019 - adapted to 5-digit codes"
readv2_5_deaf.csv,Readv2,Hearing loss,Hearing loss,"Kuan et al., 2019 - adapted to 5-digit codes, modification (see suplementary table 4 of paper by Prigge et al [in preparation])"
readv2_5_meniere.csv,Readv2,Meniere disease,Meniere disease,"Kuan et al., 2019 - adapted to 5-digit codes"
readv2_5_addisons.csv,Readv2,Addisons disease,Addisons disease,Newly created code list
readv2_5_CF.csv,Readv2,Cystic Fibrosis,Cystic Fibrosis,"Kuan et al., 2019 - adapted to 5-digit codes"
readv2_5_diab_other.csv,Readv2,Diabetes NOS,Diabetes NOS,"Kuan et al., 2019 - adapted to 5-digit codes, modification (see suplementary table 4 of paper by Prigge et al [in preparation])"
readv2_5_thyroid.csv,Readv2,Hypo or hyperthyroidism,Hypo or hyperthyroidism,"Kuan et al., 2019 - adapted to 5-digit codes, modification"
readv2_5_type1_diab.csv,Readv2,Type 1 diabetes,Type 1 diabetes,"Kuan et al., 2019 - adapted to 5-digit codes"
readv2_5_type2_diab.csv,Readv2,Type 2 diabetes,Type 2 diabetes,"Kuan et al., 2019 - adapted to 5-digit codes"
readv2_5_glaucoma.csv,Readv2,Glaucoma,Glaucoma,"Kuan et al., 2019 - adapted to 5-digit codes"
readv2_5_macula_degen.csv,Readv2,Macular degeneration,Macular degeneration,"Kuan et al., 2019 - adapted to 5-digit codes"
readv2_5_blind.csv,Readv2,Visual impairment and blindness,Visual impairment and blindness,"Kuan et al., 2019 - adapted to 5-digit codes, modification (see suplementary table 4 of paper by Prigge et al [in preparation])"
readv2_5_ckd.csv,Readv2,Chronic renal disease,Chronic Kidney Disease,"Kuan et al., 2019 - adapted to 5-digit codes"
readv2_5_ckd_scr.csv,Readv2,Chronic renal disease,Chronic Kidney Disease (serum creatinine),"Kuan et al., 2019 - adapted to 5-digit codes"
readv2_5_ESRD.csv,Readv2,Chronic renal disease,End stage renal disease,"Kuan et al., 2019 - adapted to 5-digit codes"
readv2_5_GN.csv,Readv2,Chronic renal disease,Glomerulonephritis,"Kuan et al., 2019 - adapted to 5-digit codes"
readv2_5_TIN.csv,Readv2,Chronic renal disease,Tubulo-interstitial nephritis,"Kuan et al., 2019 - adapted to 5-digit codes"
readv2_5_ED.csv,Readv2,Erectile dysfunction,Erectile dysfunction,"Kuan et al., 2019 - adapted to 5-digit codes"
readv2_5_BPH.csv,Readv2,Hyperplasia of prostate,Hyperplasia of prostate,"Kuan et al., 2019 - adapted to 5-digit codes"
readv2_5_chr_cystitis.csv,Readv2,Non-acute cystitis,Non-acute cystitis,"Kuan et al., 2019 - adapted to 5-digit codes"
readv2_5_urine_incont.csv,Readv2,Urinary Incontinence,Urinary Incontinence,"Kuan et al., 2019 - adapted to 5-digit codes"
readv2_5_allergic_rhinitis.csv,Readv2,Allergic and chronic rhinitis,Allergic and chronic rhinitis,"Kuan et al., 2019 - adapted to 5-digit codes"
readv2_5_asbestosis.csv,Readv2,Asbestosis,Asbestosis,"Kuan et al., 2019 - adapted to 5-digit codes"
readv2_5_asthma.csv,Readv2,Asthma,Asthma,"Kuan et al., 2019 - adapted to 5-digit codes"
readv2_5_bronchiectasis.csv,Readv2,Bronchiectasis,Bronchiectasis,"Kuan et al., 2019 - adapted to 5-digit codes"
readv2_5_COPD.csv,Readv2,COPD,COPD,"Kuan et al., 2019 - adapted to 5-digit codes"
readv2_5_sleep_apnoea.csv,Readv2,Sleep apnoea,Sleep apnoea,"Kuan et al., 2019 - adapted to 5-digit codes"
readv2_5_folatedef.csv,Readv2,Iron and vitamin deficiency anaemia,Folate deficiency anaemia,"Kuan et al., 2019 - adapted to 5-digit codes"
readv2_5_IDA.csv,Readv2,Iron and vitamin deficiency anaemia,Iron deficiency anaemia,"Kuan et al., 2019 - adapted to 5-digit codes"
readv2_5_b12_def.csv,Readv2,Iron and vitamin deficiency anaemia,Vitamin B12 deficiency anaemia,"Kuan et al., 2019 - adapted to 5-digit codes"
readv2_5_immunodef.csv,Readv2,Immunodeficiencies,Immunodeficiencies,"Kuan et al., 2019 - adapted to 5-digit codes"
readv2_5_sarcoid.csv,Readv2,Sarcoidosis,Sarcoidosis,"Kuan et al., 2019 - adapted to 5-digit codes"
readv2_5_sickle_cell.csv,Readv2,Sickle-cell anaemia,Sickle-cell anaemia,"Kuan et al., 2019 - adapted to 5-digit codes"
readv2_5_thala.csv,Readv2,Thalassaemia,Thalassaemia,"Kuan et al., 2019 - adapted to 5-digit codes"
readv2_5_chr_hep.csv,Readv2,Chronic liver disease,Chronic viral hepatitis,"Kuan et al., 2019 - adapted to 5-digit codes, modification (see suplementary table 4 of paper by Prigge et al [in preparation])"
readv2_5_hiv.csv,Readv2,HIV,HIV,"Kuan et al., 2019 - adapted to 5-digit codes"
readv2_5_TB.csv,Readv2,Tuberculosis,Tuberculosis,"Kuan et al., 2019 - adapted to 5-digit codes, modification (see suplementary table 4 of paper by Prigge et al [in preparation])"
readv2_5_alc_problems.csv,Readv2,Alcohol Problems,Alcohol Problems,"Kuan et al., 2019 - adapted to 5-digit codes, modification (see suplementary table 4 of paper by Prigge et al [in preparation])"
readv2_5_eating_dz.csv,Readv2,Anorexia and bulimia nervosa,Anorexia and bulimia nervosa,"Kuan et al., 2019 - adapted to 5-digit codes"
readv2_5_anxiety.csv,Readv2,Anxiety disorders,Anxiety disorders,"Kuan et al., 2019 - adapted to 5-digit codes"
readv2_5_autism.csv,Readv2,Autism and Asperger's syndrome,Autism and Asperger's syndrome,"Kuan et al., 2019 - adapted to 5-digit codes"
readv2_5_BAD.csv,Readv2,Bipolar affective disorder and mania,Bipolar affective disorder and mania,"Kuan et al., 2019 - adapted to 5-digit codes"
readv2_5_dementia.csv,Readv2,Dementia,Dementia,"Kuan et al., 2019 - adapted to 5-digit codes"
readv2_5_depression.csv,Readv2,Depression,Depression,"Davidson et al (2020), University of Edinburgh, personal communication"
readv2_5_intell_dz.csv,Readv2,Intellectual disability,Intellectual disability,"Kuan et al., 2019 - adapted to 5-digit codes"
readv2_5_ocd.csv,Readv2,Obsessive-compulsive disorder,Obsessive-compulsive disorder,"Kuan et al., 2019 - adapted to 5-digit codes"
readv2_5_substance_misuse.csv,Readv2,Other psychoactive substance misuse,Other psychoactive substance misuse,"Kuan et al., 2019 - adapted to 5-digit codes, modification (see suplementary table 4 of paper by Prigge et al [in preparation])"
readv2_5_ptsd.csv,Readv2,Post-traumatic stress disorder,Post-traumatic stress disorder,Newly created code list
readv2_5_schizophrenia.csv,Readv2,"Schizophrenia, schizotypal and delusional disorders","Schizophrenia, schizotypal and delusional disorders","Kuan et al., 2019 - adapted to 5-digit codes"
readv2_5_ank_spond.csv,Readv2,Inflammatory arthritis and other inflammatory conditions,Ankylosing spondylitis,"Kuan et al., 2019 - adapted to 5-digit codes"
readv2_5_juv_arth.csv,Readv2,Inflammatory arthritis and other inflammatory conditions,Juvenile arthritis,"Kuan et al., 2019 - adapted to 5-digit codes"
readv2_5_SLE.csv,Readv2,Inflammatory arthritis and other inflammatory conditions,Lupus erythematosus (local and systemic),"Kuan et al., 2019 - adapted to 5-digit codes"
readv2_5_PMR.csv,Readv2,Inflammatory arthritis and other inflammatory conditions,Polymyalgia Rheumatica,"Kuan et al., 2019 - adapted to 5-digit codes"
readv2_5_reactive.csv,Readv2,Inflammatory arthritis and other inflammatory conditions,Postinfective and reactive arthropathies,"Kuan et al., 2019 - adapted to 5-digit codes"
readv2_5_PSA.csv,Readv2,Inflammatory arthritis and other inflammatory conditions,Psoriatic arthropathy,"Kuan et al., 2019 - adapted to 5-digit codes"
readv2_5_RhA.csv,Readv2,Inflammatory arthritis and other inflammatory conditions,Rheumatoid Arthritis,"Kuan et al., 2019 - adapted to 5-digit codes, modification (see suplementary table 4 of paper by Prigge et al [in preparation])"
readv2_5_sys_sclerosis.csv,Readv2,Inflammatory arthritis and other inflammatory conditions,Systemic sclerosis,"Kuan et al., 2019 - adapted to 5-digit codes"
readv2_5_collapsed_vert.csv,Readv2,Osteoporosis and vertebral crush fractures,Collapsed vertebra,"Kuan et al., 2019 - adapted to 5-digit codes"
readv2_5_osteoporosis.csv,Readv2,Osteoporosis and vertebral crush fractures,Osteoporosis,"Kuan et al., 2019 - adapted to 5-digit codes"
readv2_5_gout.csv,Readv2,Gout,Gout,"Kuan et al., 2019 - adapted to 5-digit codes"
readv2_5_OA.csv,Readv2,Osteoarthritis (excl spine),Osteoarthritis (excl spine),"Kuan et al., 2019 - adapted to 5-digit codes"
readv2_5_spinal_stenosis.csv,Readv2,Spinal stenosis,Spinal stenosis,"Kuan et al., 2019 - adapted to 5-digit codes"
readv2_5_dm_neuro.csv,Readv2,Peripheral or autonomic neuropathy,Diabetic neurological complications,"Kuan et al., 2019 - adapted to 5-digit codes"
readv2_5_autonomic_neuro.csv,Readv2,Peripheral or autonomic neuropathy,Disorders of autonomic nervous system,"Kuan et al., 2019 - adapted to 5-digit codes"
readv2_5_periph_neuro.csv,Readv2,Peripheral or autonomic neuropathy,Peripheral neuropathies (excluding cranial nerve and carpal tunnel syndromes),"Kuan et al., 2019 - adapted to 5-digit codes"
readv2_5_cerebral_palsy.csv,Readv2,Cerebral Palsy,Cerebral Palsy,"Kuan et al., 2019 - adapted to 5-digit codes"
readv2_5_epilepsy.csv,Readv2,Epilepsy,Epilepsy,"Kuan et al., 2019 - adapted to 5-digit codes, modification (see suplementary table 4 of paper by Prigge et al [in preparation])"
readv2_5_migraine.csv,Readv2,Migraine,Migraine,"Kuan et al., 2019 - adapted to 5-digit codes"
readv2_5_MND.csv,Readv2,Motor neuron disease,Motor neuron disease,"Kuan et al., 2019 - adapted to 5-digit codes"
readv2_5_MS.csv,Readv2,Multiple sclerosis,Multiple sclerosis,"Kuan et al., 2019 - adapted to 5-digit codes"
readv2_5_myasthenia.csv,Readv2,Myasthenia gravis,Myasthenia gravis,"Kuan et al., 2019 - adapted to 5-digit codes"
readv2_5_Parkinsons.csv,Readv2,Parkinson's disease,Parkinson's disease,"Kuan et al., 2019 - adapted to 5-digit codes"
readv2_5_chronic_fatigue.csv,Readv2,"Postviral fatigue syndrome, neurasthenia and fibromyalgia","Postviral fatigue syndrome, neurasthenia and fibromyalgia","Kuan et al., 2019 - adapted to 5-digit codes"
readv2_5_downs.csv,Readv2,Down's syndrome,Down's syndrome,"Kuan et al., 2019 - adapted to 5-digit codes"
readv2_5_psoriasis.csv,Readv2,Psoriasis,Psoriasis,"Kuan et al., 2019 - adapted to 5-digit codes"
ctv3_benign_brain.csv,CTV3,Benign neoplasm of brain and other parts of central nervous system,Benign neoplasm of brain and other parts of central nervous system,Newly created code list
ctv3_haem_malig.csv,CTV3,Haematological malignancies,Haematological malignancy - other; Hodgkin Lymphoma; Leukaemia; Monoclonal gammopathy of undetermined significance (MGUS); Multiple myeloma and malignant plasma cell neoplasms; Myelodysplastic syndromes; Non-Hodgkin Lymphoma; Polycythaemia vera,"Mapping Readv2 to CTV3; OpenCodelists: Morton & Walker, 2020d"
ctv3_non_melanoma.csv,CTV3,Non-melanoma skin malignancies,Primary Malignancy_Other Skin and subcutaneous tissue,"Mapping Readv2 to CTV3; OpenCodelists: Morton & Walker, 2020a"
ctv3_solid_organ_mal.csv,CTV3,Solid organ malignancies,"Primary Malignancy: biliary tract; bladder; bone and articular cartilage; brain, other CNS and intracranial; breast; cervical; colorectal and anus; kidney and ureter; liver; lung and trachea; malignant melanoma; mesothelioma; multiple independent sites; oesophageal; oro-pharyngeal; other organs; ovarian; pancreatic; prostate; stomach; testicular; thyroid; uterine; Secondary Malignancy: Adrenal gland; bone; bowel; brain, other CNS and intracranial; liver and intrahepatic bile duct; lung; lymph nodes; other organs; pleura; retroperitoneum and peritoneum","Mapping Readv2 to CTV3; OpenCodelists: Morton & Walker, 2020a, 2020f; Publications: Ullah et al., 2020"
ctv3_cardiomyo.csv,CTV3,Cardiomyopathy,Dilated cardiomyopathy; Hypertrophic Cardiomyopathy; Other Cardiomyopathy,"Mapping Readv2 to CTV3; OpenCodelists: Morton & Bhaskaran, 2020; Schultze & Morton, 2020c; GitHub repository: Horne, 2021"
ctv3_conduction.csv,CTV3,Conduction disorders and other arrhythmias,"Atrioventricular block, complete; Sick sinus syndrome; Supraventricular tachycardia","Mapping Readv2 to CTV3; GitHub repository: Horne, 2021"
ctv3_CHD.csv,CTV3,Coronary heart disease,Coronary heart disease not otherwise specified; Myocardial infarction; Stable angina; Unstable Angina,"Mapping Readv2 to CTV3; OpenCodelists: Drysdale & Morton, 2020a; Morton & Bhaskaran, 2020; OpenCodelists: Myocardial infarction 2; Schultze & Morton, 2020c; GitHub repository: Horne, 2021"
ctv3_valve.csv,CTV3,Heart valve disorders,Multiple valve dz; Nonrheumatic aortic valve disorders; Nonrheumatic mitral valve disorders; Rheumatic valve dz,"Mapping Readv2 to CTV3; OpenCodelists: Morton & Bhaskaran, 2020; Schultze & Morton, 2020c; GitHub repository: Horne, 2021"
ctv3_Stroke.csv,CTV3,Stroke,Intracerebral haemorrhage; Ischaemic stroke; Stroke NOS; Subarachnoid haemorrhage,"Mapping Readv2 to CTV3; OpenCodelists: Tomlinson, Walker, et al., 2020; Walker, 2020a, 2020b; GitHub repository: Horne, 2021; Other resources: Rannikmäe et al., 2020"
ctv3_subarach.csv,CTV3,Subarachnoid haemorrhage,Subarachnoid haemorrhage,"Mapping Readv2 to CTV3; OpenCodelists: Tomlinson, Walker, et al., 2020; Walker, 2020a, 2020b; GitHub repository: Horne, 2021; Other resources: Rannikmäe et al., 2020"
ctv3_PAD.csv,CTV3,Peripheral arterial disease,Peripheral arterial disease,"Mapping Readv2 to CTV3; OpenCodelists: McDonald et al., 2020; Morton & Bhaskaran, 2020; Schultze & Morton, 2020c; Wong & Tomlinson, 2020a; GitHub repository: Horne, 2021"
ctv3_prim_pulm_htn.csv,CTV3,Primary pulmonary hypertension,Primary pulmonary hypertension,Newly created code list
ctv3_TIA.csv,CTV3,Transient ischaemic attack,Transient ischaemic attack,"Mapping Readv2 to CTV3; OpenCodelists: Wong & Tomlinson, 2020b; GitHub repository: Horne, 2021"
ctv3_chr_liver_dis.csv,CTV3,Chronic liver disease,"Alcoholic liver disease; Autoimmune liver disease; Hepatic failure; Liver fibrosis, sclerosis and cirrhosis; Portal hypertension; Chronic viral hepatitis","Mapping Readv2 to CTV3; OpenCodelists: Forbes, Bhaskaran, et al., 2020; Morton & Walker, 2020b; Publications: GUMCAD Team, 2019; Ullah et al., 2020"
ctv3_GORD.csv,CTV3,"Gastro-oesophageal reflux, gastritis and similar",Barrett's oesophagus; Gastritis and duodenitis; Gastro-oesophageal reflux disease; Oesophagitis and oesophageal ulcer,"Mapping Readv2 to CTV3; OpenCodelists: Morton & Douglas, 2020b; GitHub repository: Horne, 2021"
ctv3_infl_bowel.csv,CTV3,Inflammatory bowel disease,Crohn's disease; Ulcerative colitis,"Mapping Readv2 to CTV3; OpenCodelists: Kennedy & Mansfield, 2020a, 2020b; Morton & Walker, 2020e; OpenCodelists: Crohn's Disease, ; Publication: Irving et al., 2020"
ctv3_coeliac.csv,CTV3,Coeliac disease,Coeliac disease,Newly created code list
ctv3_diverticuli.csv,CTV3,Diverticular disease of intestine (acute and chronic),Diverticular disease of intestine (acute and chronic),Newly created code list
ctv3_fatty_liver.csv,CTV3,Fatty Liver,Fatty Liver,Newly created code list
ctv3_IBS.csv,CTV3,Irritable bowel syndrome,Irritable bowel syndrome,"Mapping Readv2 to CTV3; GitHub repository: Horne, 2021"
ctv3_peptic_ulc.csv,CTV3,Peptic ulcer disease,Peptic ulcer disease,"Mapping Readv2 to CTV3; OpenCodelists: Morton & Douglas, 2020b"
ctv3_deaf.csv,CTV3,Hearing loss,Hearing loss,Newly created code list
ctv3_meniere.csv,CTV3,Meniere disease,Meniere disease,Newly created code list
ctv3_addisons.csv,CTV3,Addisons disease,Addisons disease,Newly created code list
ctv3_CF.csv,CTV3,Cystic Fibrosis,Cystic Fibrosis,"Mapping Readv2 to CTV3; OpenCodelists: Douglas & Tomlinson, 2020; Minassian & Tomlinson, 2020a"
ctv3_diab_other.csv,CTV3,Diabetes NOS,Diabetes NOS,"Mapping Readv2 to CTV3; OpenCodelists: MacKenna & Mathur, 2020; Morton & Drysdale, 2020a; Morton & Walker, 2020c; GitHub repository: Horne, 2021"
ctv3_thyroid.csv,CTV3,Hypo or hyperthyroidism,Hypo or hyperthyroidism,"Mapping Readv2 to CTV3; GitHub repository: Horne, 2021"
ctv3_type1_diab.csv,CTV3,Type 1 diabetes,Type 1 diabetes,"Mapping Readv2 to CTV3; OpenCodelists: Drysdale & Morton, 2020c; MacKenna & Mathur, 2020; Morton & Walker, 2020c; Young et al., 2020; GitHub repository: Horne, 2021"
ctv3_type2_diab.csv,CTV3,Type 2 diabetes,Type 2 diabetes,"Mapping Readv2 to CTV3; OpenCodelists: MacKenna & Mathur, 2020; Morton & Drysdale, 2020b; Morton & Walker, 2020c; Young et al., 2020; GitHub repository: Horne, 2021"
ctv3_glaucoma.csv,CTV3,Glaucoma,Glaucoma,Newly created code list
ctv3_macula_degen.csv,CTV3,Macular degeneration,Macular degeneration,Newly created code list
ctv3_blind.csv,CTV3,Visual impairment and blindness,Visual impairment and blindness,Newly created code list
ctv3_chr_renal_dis.csv,CTV3,Chronic renal disease,End stage renal disease; Glomerulonephritis; Tubulo-interstitial nephritis,"Newly created code lists for: Glomerulonephritis, Tubulo-interstitial nephritis; For remaining conditions: Mapping Readv2 to CTV3; OpenCodelists: Tomlinson & Morton, 2020 "
ctv3_ckd.csv,CTV3,Chronic renal disease,Chronic Kidney Disease,Newly created code list
ctv3_ckd_scr.csv,CTV3,Chronic renal disease,Chronic Kidney Disease (serum creatinine),Newly created code list 
ctv3_ED.csv,CTV3,Erectile dysfunction,Erectile dysfunction,Newly created code list
ctv3_BPH.csv,CTV3,Hyperplasia of prostate,Hyperplasia of prostate,Newly created code list
ctv3_chr_cystitis.csv,CTV3,Non-acute cystitis,Non-acute cystitis,Newly created code list
ctv3_urine_incont.csv,CTV3,Urinary Incontinence,Urinary Incontinence,Newly created code list
ctv3_allergic_rhinitis.csv,CTV3,Allergic and chronic rhinitis,Allergic and chronic rhinitis,"Mapping Readv2 to CTV3; OpenCodelists: Douglas & Tomlinson, 2020; Minassian & Tomlinson, 2020b; Morton & MacKenna, 2020; GitHub repository: Horne, 2021"
ctv3_Asbestosis.csv,CTV3,Asbestosis,Asbestosis,"Mapping Readv2 to CTV3; OpenCodelists: Douglas & Tomlinson, 2020; Minassian & Tomlinson, 2020b; Morton & MacKenna, 2020"
ctv3_Asthma.csv,CTV3,Asthma,Asthma,"Mapping Readv2 to CTV3; OpenCodelists: Minassian & Tomlinson, 2020b; Morton & Douglas, 2020a; Morton & MacKenna, 2020; Schultze & Morton, 2020a; GitHub repository: Horne, 2021; Publication: Nwaru et al., 2020"
ctv3_Bronchiectasis.csv,CTV3,Bronchiectasis,Bronchiectasis,"Mapping Readv2 to CTV3; OpenCodelists: Douglas & Tomlinson, 2020; Minassian & Tomlinson, 2020b; Morton & MacKenna, 2020; Other resources: UK Biobank, "
ctv3_COPD.csv,CTV3,COPD,COPD,"Mapping Readv2 to CTV3; OpenCodelists: Douglas & Tomlinson, 2020; MacKenna & Douglas, 2020; MacKenna et al., 2020; Minassian & Tomlinson, 2020b; Morton & MacKenna, 2020; Schultze & Morton, 2020b; GitHub repository: Horne, 2021"
ctv3_sleep_apnoea.csv,CTV3,Sleep apnoea,Sleep apnoea,Newly created code list
ctv3_iron_vit_def.csv,CTV3,Iron and vitamin deficiency anaemia,Folate deficiency anaemia; Iron deficiency anaemia; Vitamin B12 deficiency anaemia,"Mapping Readv2 to CTV3; Publications: Ferguson et al., 2022"
ctv3_immunodef.csv,CTV3,Immunodeficiencies,Immunodeficiencies,"Mapping Readv2 to CTV3; OpenCodelists: Smeeth & McDonald, 2020a, 2020b"
ctv3_sarcoid.csv,CTV3,Sarcoidosis,Sarcoidosis,"Mapping Readv2 to CTV3; OpenCodelists: Douglas & Tomlinson, 2020; Minassian & Tomlinson, 2020b; Morton & MacKenna, 2020"
ctv3_sickle_cell.csv,CTV3,Sickle-cell anaemia,Sickle-cell anaemia,"Mapping Readv2 to CTV3; OpenCodelists: Morton & Walker, 2020g"
ctv3_thala.csv,CTV3,Thalassaemia,Thalassaemia,Newly created code list
ctv3_HIV.csv,CTV3,HIV,HIV,"Mapping Readv2 to CTV3; OpenCodelists:Douglas & Tomlinson, 2020; Minassian & Tomlinson, 2020b; Morton & MacKenna, 2020; Smeeth et al., 2020; Publications: GUMCAD Team, 2019"
ctv3_TB.csv,CTV3,Tuberculosis,Tuberculosis,"Mapping Readv2 to CTV3; OpenCodelists: Douglas & Tomlinson, 2020; Minassian & Tomlinson, 2020b; Morton & MacKenna, 2020"
ctv3_alc_problems.csv,CTV3,Alcohol Problems,Alcohol Problems,"Mapping Readv2 to CTV3; OpenCodelists: Wong & Elson, 2021; Publication: Fabbri et al., 2020"
ctv3_eating_dz.csv,CTV3,Anorexia and bulimia nervosa,Anorexia and bulimia nervosa,Newly created code list
ctv3_Anxiety.csv,CTV3,Anxiety disorders,Anxiety disorders,"Mapping Readv2 to CTV3; GitHub repository: Horne, 2021; Publication: Irving et al., 2020"
ctv3_autism.csv,CTV3,Autism and Asperger's syndrome,Autism and Asperger's syndrome,Newly created code list
ctv3_BAD.csv,CTV3,Bipolar affective disorder and mania,Bipolar affective disorder and mania,"Mapping Readv2 to CTV3; OpenCodelists: OpenCodelists: Psychosis, schizophrenia + bipolar affective disease, 2020; Publication: Fabbri et al., 2020; Other resources: UK Biobank, "
ctv3_Dementia.csv,CTV3,Dementia,Dementia,"Mapping Readv2 to CTV3; OpenCodelists: Dementia, Dementia complete, Publications: Fabbri et al., 2020; NHS England North & Northern England, 2015; NHS London Clinical Networks, 2016; Wilkinson et al., 2019"
ctv3_Depression.csv,CTV3,Depression,Depression,"Davidson et al (2020), University of Edinburgh, personal communication – modified (see suplementary table 4 of paper by Prigge et al [in preparation])"
ctv3_intell_dz.csv,CTV3,Intellectual disability,Intellectual disability,"Mapping Readv2 to CTV3; OpenCodelists: OpenCodelists: Psychosis, schizophrenia + bipolar affective disease, 2020; Publications: Fabbri et al., 2020; Other resources: UK Biobank"
ctv3_ocd.csv,CTV3,Obsessive-compulsive disorder,Obsessive-compulsive disorder,Newly created code list
ctv3_substance_misuse.csv,CTV3,Other psychoactive substance misuse,Other psychoactive substance misuse,"Mapping Readv2 to CTV3; Publication: Fabbri et al., 2020"
ctv3_ptsd.csv,CTV3,Post-traumatic stress disorder,Post-traumatic stress disorder,Newly created code list
ctv3_Schizophrenia.csv,CTV3,"Schizophrenia, schizotypal and delusional disorders","Schizophrenia, schizotypal and delusional disorders","Mapping Readv2 to CTV3; OpenCodelists: Goldacre & Tazare, 2020; Tazare, 2020"
ctv3_infl_arthritis.csv,CTV3,Inflammatory arthritis and other inflammatory conditions,Ankylosing spondylitis; Juvenile arthritis; Lupus erythematosus (local and systemic); Polymyalgia Rheumatica; Postinfective and reactive arthropathies; Psoriatic arthropathy; Rheumatoid Arthritis; Systemic sclerosis,"Newly created code lists for: Ankylosing spondylitis, Polymyalgia Rheumatica, Postinfective and reactive arthropathies, Systemic sclerosis; For remaining conditions: Mapping Readv2 to CTV3; OpenCodelists:Douglas & Tomlinson, 2020; Drysdale, 2020b; Drysdale & Morton, 2020b; Minassian & Tomlinson, 2020b; Morton & MacKenna, 2020; Morton & Tomlinson, 2020 "
ctv3_osteoporosis.csv,CTV3,Osteoporosis and vertebral crush fractures,Collapsed vertebra; Osteoporosis,"Mapping Readv2 to CTV3; GitHub repository: Horne, 2021"
ctv3_gout.csv,CTV3,Gout,Gout,Newly created code list
ctv3_OA.csv,CTV3,Osteoarthritis (excl spine),Osteoarthritis (excl spine),"Mapping Readv2 to CTV3; OpenCodelists: Forbes, Drysdale, et al., 2020"
ctv3_spinal_stenosis.csv,CTV3,Spinal stenosis,Spinal stenosis,Newly created code list
ctv3_diab_neuro.csv,CTV3,Peripheral or autonomic neuropathy,Diabetic neurological complications,Newly created code list
ctv3_auto_neuro.csv,CTV3,Peripheral or autonomic neuropathy,Disorders of autonomic nervous system,Newly created code list
ctv3_periph_neuro.csv,CTV3,Peripheral or autonomic neuropathy,Peripheral neuropathies (excluding cranial nerve and carpal tunnel syndromes),Newly created code list
ctv3_cerebral_palsy.csv,CTV3,Cerebral Palsy,Cerebral Palsy,"Mapping Readv2 to CTV3; OpenCodelists: McDonald, 2021a; Tomlinson, McDonald, et al., 2020"
ctv3_epilepsy.csv,CTV3,Epilepsy,Epilepsy,Newly created code list
ctv3_migraine.csv,CTV3,Migraine,Migraine,Newly created code list
ctv3_MND.csv,CTV3,Motor neuron disease,Motor neuron disease,"Mapping Readv2 to CTV3; OpenCodelists: Tomlinson, McDonald, et al., 2020; Other resources: UK Biobank, "
ctv3_MS.csv,CTV3,Multiple sclerosis,Multiple sclerosis,"Mapping Readv2 to CTV3; OpenCodelists: Drysdale, 2020a; Tomlinson, McDonald, et al., 2020"
ctv3_myasthenia.csv,CTV3,Myasthenia gravis,Myasthenia gravis,"Mapping Readv2 to CTV3; OpenCodelists: Tomlinson, McDonald, et al., 2020"
ctv3_parkinsons.csv,CTV3,Parkinson's disease,Parkinson's disease,"Mapping Readv2 to CTV3; OpenCodelists:Tomlinson, McDonald, et al., 2020; Other resources: UK Biobank"
ctv3_chronic_fatigue.csv,CTV3,"Postviral fatigue syndrome, neurasthenia and fibromyalgia","Postviral fatigue syndrome, neurasthenia and fibromyalgia",Newly created code list
ctv3_downs.csv,CTV3,Down's syndrome,Down's syndrome,"Mapping Readv2 to CTV3; OpenCodelists: Goldacre & Tazare, 2020; McDonald, 2021b; Tazare, 2020"
ctv3_Psoriasis.csv,CTV3,Psoriasis,Psoriasis,"Mapping Readv2 to CTV3; OpenCodelists: Morton & Tomlinson, 2020"
ICD_benign_brain.csv,ICD10,Benign neoplasm of brain and other parts of central nervous system,Benign neoplasm of brain and other parts of central nervous system,"Kuan et al., 2019 "
ICD_haem_other.csv,ICD10,Haematological malignancies,Haematological malignancy - other,"Kuan et al., 2019"
ICD_hodgkins.csv,ICD10,Haematological malignancies,Hodgkin Lymphoma,"Kuan et al., 2019"
ICD_leukaemia.csv,ICD10,Haematological malignancies,Leukaemia,"Kuan et al., 2019"
ICD_MGUS.csv,ICD10,Haematological malignancies,Monoclonal gammopathy of undetermined significance (MGUS),"Kuan et al., 2019"
ICD_plasmacell.csv,ICD10,Haematological malignancies,Multiple myeloma and malignant plasma cell neoplasms,"Kuan et al., 2019"
ICD_MDS.csv,ICD10,Haematological malignancies,Myelodysplastic syndromes,"Kuan et al., 2019"
ICD_NHL.csv,ICD10,Haematological malignancies,Non-Hodgkin Lymphoma,"Kuan et al., 2019"
ICD_PCV.csv,ICD10,Haematological malignancies,Polycythaemia vera,"Kuan et al., 2019"
ICD_pri_skin.csv,ICD10,Non-melanoma skin malignancies,Primary Malignancy_Other Skin and subcutaneous tissue,"Kuan et al., 2019"
ICD_pri_biliary.csv,ICD10,Solid organ malignancies,Primary Malignancy_biliary tract,"Kuan et al., 2019"
ICD_pri_bladder.csv,ICD10,Solid organ malignancies,Primary Malignancy_Bladder,"Kuan et al., 2019"
ICD_pri_bone.csv,ICD10,Solid organ malignancies,Primary Malignancy_Bone and articular cartilage,"Kuan et al., 2019"
ICD_pri_brain.csv,ICD10,Solid organ malignancies,"Primary Malignancy_Brain, Other CNS and Intracranial","Kuan et al., 2019"
ICD_pri_breast.csv,ICD10,Solid organ malignancies,Primary Malignancy_Breast,"Kuan et al., 2019"
ICD_pri_cervical.csv,ICD10,Solid organ malignancies,Primary Malignancy_Cervical,"Kuan et al., 2019"
ICD_pri_bowel.csv,ICD10,Solid organ malignancies,Primary Malignancy_colorectal and anus,"Kuan et al., 2019"
ICD_pri_kidney.csv,ICD10,Solid organ malignancies,Primary Malignancy_Kidney and Ureter,"Kuan et al., 2019"
ICD_pri_liver.csv,ICD10,Solid organ malignancies,Primary Malignancy_Liver,"Kuan et al., 2019"
ICD_pri_lung.csv,ICD10,Solid organ malignancies,Primary Malignancy_Lung and trachea,"Kuan et al., 2019"
ICD_pri_melanoma.csv,ICD10,Solid organ malignancies,Primary Malignancy_Malignant Melanoma,"Kuan et al., 2019"
ICD_pri_mesothelioma.csv,ICD10,Solid organ malignancies,Primary Malignancy_Mesothelioma,"Kuan et al., 2019"
ICD_pri_multindep.csv,ICD10,Solid organ malignancies,Primary Malignancy_Multiple independent sites,"Kuan et al., 2019"
ICD_pri_oesoph.csv,ICD10,Solid organ malignancies,Primary Malignancy_Oesophageal,"Kuan et al., 2019"
ICD_pri_oroph.csv,ICD10,Solid organ malignancies,Primary Malignancy_Oro-pharyngeal,"Kuan et al., 2019"
ICD_pri_other.csv,ICD10,Solid organ malignancies,Primary Malignancy_Other Organs,"Kuan et al., 2019"
ICD_pri_ovarian.csv,ICD10,Solid organ malignancies,Primary Malignancy_Ovarian,"Kuan et al., 2019"
ICD_pri_pancr.csv,ICD10,Solid organ malignancies,Primary Malignancy_Pancreatic,"Kuan et al., 2019"
ICD_pri_prost.csv,ICD10,Solid organ malignancies,Primary Malignancy_Prostate,"Kuan et al., 2019"
ICD_pri_stomach.csv,ICD10,Solid organ malignancies,Primary Malignancy_Stomach,"Kuan et al., 2019"
ICD_pri_testis.csv,ICD10,Solid organ malignancies,Primary Malignancy_Testicular,"Kuan et al., 2019"
ICD_pri_thyroid.csv,ICD10,Solid organ malignancies,Primary Malignancy_Thyroid,"Kuan et al., 2019"
ICD_pri_uterine.csv,ICD10,Solid organ malignancies,Primary Malignancy_Uterine,"Kuan et al., 2019"
ICD_sec_adrenal.csv,ICD10,Solid organ malignancies,Secondary Malignancy_Adrenal gland,"Kuan et al., 2019"
ICD_sec_bone.csv,ICD10,Solid organ malignancies,Secondary Malignancy_Bone,"Kuan et al., 2019"
ICD_sec_bowel.csv,ICD10,Solid organ malignancies,Secondary Malignancy_Bowel,"Kuan et al., 2019"
ICD_sec_brain.csv,ICD10,Solid organ malignancies,"Secondary Malignancy_Brain, Other CNS and Intracranial","Kuan et al., 2019"
ICD_sec_liver.csv,ICD10,Solid organ malignancies,Secondary malignancy_Liver and intrahepatic bile duct,"Kuan et al., 2019"
ICD_sec_lung.csv,ICD10,Solid organ malignancies,Secondary Malignancy_Lung,"Kuan et al., 2019"
ICD_sec_LN.csv,ICD10,Solid organ malignancies,Secondary Malignancy_Lymph Nodes,"Kuan et al., 2019"
ICD_sec_other.csv,ICD10,Solid organ malignancies,Secondary Malignancy_Other organs,"Kuan et al., 2019"
ICD_sec_pleura.csv,ICD10,Solid organ malignancies,Secondary Malignancy_Pleura,"Kuan et al., 2019"
ICD_sec_peritoneum.csv,ICD10,Solid organ malignancies,Secondary Malignancy_retroperitoneum and peritoneum,"Kuan et al., 2019"
ICD_dcm.csv,ICD10,Cardiomyopathy,Dilated cardiomyopathy,"Kuan et al., 2019"
ICD_hocm.csv,ICD10,Cardiomyopathy,Hypertrophic Cardiomyopathy,"Kuan et al., 2019"
ICD_cardiomyo_oth.csv,ICD10,Cardiomyopathy,Other Cardiomyopathy,"Kuan et al., 2019"
ICD_av_block_3.csv,ICD10,Conduction disorders and other arrhythmias,"Atrioventricular block, complete","Kuan et al., 2019"
ICD_sick_sinus.csv,ICD10,Conduction disorders and other arrhythmias,Sick sinus syndrome,"Kuan et al., 2019"
ICD_SVT.csv,ICD10,Conduction disorders and other arrhythmias,Supraventricular tachycardia,"Kuan et al., 2019"
ICD_CHD_NOS.csv,ICD10,Coronary heart disease,Coronary heart disease not otherwise specified,"Kuan et al., 2019"
ICD_myocardial_infarction.csv,ICD10,Coronary heart disease,Myocardial infarction,"Kuan et al., 2019"
ICD_stable_angina.csv,ICD10,Coronary heart disease,Stable angina,"Kuan et al., 2019"
ICD_unstable_angina.csv,ICD10,Coronary heart disease,Unstable Angina,"Kuan et al., 2019"
ICD_mult_valve.csv,ICD10,Heart valve disorders,Multiple valve dz,"Kuan et al., 2019"
ICD_nonRh_aortic.csv,ICD10,Heart valve disorders,Nonrheumatic aortic valve disorders,"Kuan et al., 2019"
ICD_nonRh_mitral.csv,ICD10,Heart valve disorders,Nonrheumatic mitral valve disorders,"Kuan et al., 2019"
ICD_Rh_valve.csv,ICD10,Heart valve disorders,Rheumatic valve dz,"Kuan et al., 2019"
ICD_Intracereb_haem.csv,ICD10,Stroke,Intracerebral haemorrhage,"Kuan et al., 2019"
ICD_Isch_stroke.csv,ICD10,Stroke,Ischaemic stroke,"Kuan et al., 2019"
ICD_Stroke_NOS.csv,ICD10,Stroke,Stroke NOS,"Kuan et al., 2019"
ICD_AF.csv,ICD10,Atrial fibrillation,Atrial fibrillation,"Kuan et al., 2019"
ICD_hf.csv,ICD10,Heart failure,Heart failure,"Kuan et al., 2019"
ICD_hypertension.csv,ICD10,Hypertension,Hypertension,"Kuan et al., 2019"
ICD_peripheral_arterial_disease.csv,ICD10,Peripheral arterial disease,Peripheral arterial disease,"Kuan et al., 2019"
ICD_prim_pulm_htn.csv,ICD10,Primary pulmonary hypertension,Primary pulmonary hypertension,"Kuan et al., 2019"
ICD_subarach.csv,ICD10,Stroke,Subarachnoid haemorrhage,"Kuan et al., 2019"
ICD_TIA.csv,ICD10,Transient ischaemic attack,Transient ischaemic attack,"Kuan et al., 2019"
ICD_liver_alc.csv,ICD10,Chronic liver disease,Alcoholic liver disease,"Kuan et al., 2019"
ICD_autoimm_liver.csv,ICD10,Chronic liver disease,Autoimmune liver disease,"Kuan et al., 2019"
ICD_liver_fail.csv,ICD10,Chronic liver disease,Hepatic failure,"Kuan et al., 2019"
ICD_cirrhosis.csv,ICD10,Chronic liver disease,"Liver fibrosis, sclerosis and cirrhosis","Kuan et al., 2019"
ICD_portal_htn.csv,ICD10,Chronic liver disease,Portal hypertension,"Kuan et al., 2019"
ICD_barretts.csv,ICD10,"Gastro-oesophageal reflux, gastritis and similar",Barrett's oesophagus,"Kuan et al., 2019"
ICD_gastritis_duodenitis.csv,ICD10,"Gastro-oesophageal reflux, gastritis and similar",Gastritis and duodenitis,"Kuan et al., 2019"
ICD_GORD.csv,ICD10,"Gastro-oesophageal reflux, gastritis and similar",Gastro-oesophageal reflux disease,"Kuan et al., 2019"
ICD_oesoph_ulc.csv,ICD10,"Gastro-oesophageal reflux, gastritis and similar",Oesophagitis and oesophageal ulcer,"Kuan et al., 2019"
ICD_crohns.csv,ICD10,Inflammatory bowel disease,Crohn's disease,"Kuan et al., 2019"
ICD_ulc_colitis.csv,ICD10,Inflammatory bowel disease,Ulcerative colitis,"Kuan et al., 2019"
ICD_coeliac.csv,ICD10,Coeliac disease,Coeliac disease,"Kuan et al., 2019"
ICD_diverticuli.csv,ICD10,Diverticular disease of intestine (acute and chronic),Diverticular disease of intestine (acute and chronic),"Kuan et al., 2019"
ICD_fatty_liver.csv,ICD10,Fatty Liver,Fatty Liver,"Kuan et al., 2019"
ICD_IBS.csv,ICD10,Irritable bowel syndrome,Irritable bowel syndrome,"Kuan et al., 2019"
ICD_ulcer_peptic.csv,ICD10,Peptic ulcer disease,Peptic ulcer disease,"Kuan et al., 2019"
ICD_deaf.csv,ICD10,Hearing loss,Hearing loss,"Kuan et al., 2019 – modification (see suplementary table 4 of paper by Prigge et al [in preparation])"
ICD_meniere.csv,ICD10,Meniere disease,Meniere disease,"Kuan et al., 2019"
ICD_addisons.csv,ICD10,Addisons disease,Addisons disease,New code list
ICD_CF.csv,ICD10,Cystic Fibrosis,Cystic Fibrosis,"Kuan et al., 2019"
ICD_diab_other.csv,ICD10,Diabetes NOS,Diabetes NOS,"Kuan et al., 2019 – modification (see suplementary table 4 of paper by Prigge et al [in preparation])"
ICD_thyroid.csv,ICD10,Hypo or hyperthyroidism,Hypo or hyperthyroidism,"Kuan et al., 2019"
ICD_type1_diab.csv,ICD10,Type 1 diabetes,Type 1 diabetes,"Kuan et al., 2019 – modification (see suplementary table 4 of paper by Prigge et al [in preparation])"
ICD_type2_diab.csv,ICD10,Type 2 diabetes,Type 2 diabetes,"Kuan et al., 2019 – modification (see suplementary table 4 of paper by Prigge et al [in preparation])"
ICD_glaucoma.csv,ICD10,Glaucoma,Glaucoma,"Kuan et al., 2019"
ICD_macula_degen.csv,ICD10,Macular degeneration,Macular degeneration,"Kuan et al., 2019"
ICD_blind.csv,ICD10,Visual impairment and blindness,Visual impairment and blindness,"Kuan et al., 2019 - modification (see suplementary table 4 of paper by Prigge et al [in preparation])"
ICD_CKD.csv,ICD10,Chronic renal disease,Chronic Kidney Disease,"Kuan et al., 2019"
ICD_ESRD.csv,ICD10,Chronic renal disease,End stage renal disease,"Kuan et al., 2019"
ICD_GN.csv,ICD10,Chronic renal disease,Glomerulonephritis,"Kuan et al., 2019"
ICD_TIN.csv,ICD10,Chronic renal disease,Tubulo-interstitial nephritis,"Kuan et al., 2019"
ICD_ED.csv,ICD10,Erectile dysfunction,Erectile dysfunction,"Kuan et al., 2019"
ICD_BPH.csv,ICD10,Hyperplasia of prostate,Hyperplasia of prostate,"Kuan et al., 2019"
ICD_chr_cystitis.csv,ICD10,Non-acute cystitis,Non-acute cystitis,"Kuan et al., 2019"
ICD_urine_incont.csv,ICD10,Urinary Incontinence,Urinary Incontinence,"Kuan et al., 2019"
ICD_allergic_rhinitis.csv,ICD10,Allergic and chronic rhinitis,Allergic and chronic rhinitis,"Kuan et al., 2019"
ICD_asbestosis.csv,ICD10,Asbestosis,Asbestosis,"Kuan et al., 2019"
ICD_asthma.csv,ICD10,Asthma,Asthma,"Kuan et al., 2019"
ICD_bronchiectasis.csv,ICD10,Bronchiectasis,Bronchiectasis,"Kuan et al., 2019"
ICD_COPD.csv,ICD10,COPD,COPD,"Kuan et al., 2019"
ICD_sleep_apnoea.csv,ICD10,Sleep apnoea,Sleep apnoea,"Kuan et al., 2019"
ICD_folatedef.csv,ICD10,Iron and vitamin deficiency anaemia,Folate deficiency anaemia,"Kuan et al., 2019"
ICD_IDA.csv,ICD10,Iron and vitamin deficiency anaemia,Iron deficiency anaemia,"Kuan et al., 2019"
ICD_b12_def.csv,ICD10,Iron and vitamin deficiency anaemia,Vitamin B12 deficiency anaemia,"Kuan et al., 2019"
ICD_immunodef.csv,ICD10,Immunodeficiencies,Immunodeficiencies,"Kuan et al., 2019"
ICD_sarcoid.csv,ICD10,Sarcoidosis,Sarcoidosis,"Kuan et al., 2019"
ICD_sickle_cell.csv,ICD10,Sickle-cell anaemia,Sickle-cell anaemia,"Kuan et al., 2019"
ICD_thala.csv,ICD10,Thalassaemia,Thalassaemia,"Kuan et al., 2019"
ICD_chr_hep.csv,ICD10,Chronic liver disease,Chronic viral hepatitis,"Kuan et al., 2019"
ICD_hiv.csv,ICD10,HIV,HIV,"Kuan et al., 2019"
ICD_TB.csv,ICD10,Tuberculosis,Tuberculosis,"Kuan et al., 2019"
ICD_alc_problems.csv,ICD10,Alcohol Problems,Alcohol Problems,"Kuan et al., 2019"
ICD_eating_dz.csv,ICD10,Anorexia and bulimia nervosa,Anorexia and bulimia nervosa,"Kuan et al., 2019"
ICD_anxiety.csv,ICD10,Anxiety disorders,Anxiety disorders,"Kuan et al., 2019"
ICD_autism.csv,ICD10,Autism and Asperger's syndrome,Autism and Asperger's syndrome,"Kuan et al., 2019"
ICD_BAD.csv,ICD10,Bipolar affective disorder and mania,Bipolar affective disorder and mania,"Kuan et al., 2019"
ICD_dementia.csv,ICD10,Dementia,Dementia,"Kuan et al., 2019"
ICD_depression.csv,ICD10,Depression,Depression,"Kuan et al., 2019"
ICD_intell_dz.csv,ICD10,Intellectual disability,Intellectual disability,"Kuan et al., 2019"
ICD_ocd.csv,ICD10,Obsessive-compulsive disorder,Obsessive-compulsive disorder,"Kuan et al., 2019"
ICD_substance_misuse.csv,ICD10,Other psychoactive substance misuse,Other psychoactive substance misuse,"Kuan et al., 2019"
ICD_ptsd.csv,ICD10,Post-traumatic stress disorder,Post-traumatic stress disorder,New code list
ICD_schizo.csv,ICD10,"Schizophrenia, schizotypal and delusional disorders","Schizophrenia, schizotypal and delusional disorders","Kuan et al., 2019"
ICD_ank_spond.csv,ICD10,Inflammatory arthritis and other inflammatory conditions,Ankylosing spondylitis,"Kuan et al., 2019"
ICD_juv_arth.csv,ICD10,Inflammatory arthritis and other inflammatory conditions,Juvenile arthritis,"Kuan et al., 2019"
ICD_SLE.csv,ICD10,Inflammatory arthritis and other inflammatory conditions,Lupus erythematosus (local and systemic),"Kuan et al., 2019"
ICD_PMR.csv,ICD10,Inflammatory arthritis and other inflammatory conditions,Polymyalgia Rheumatica,"Kuan et al., 2019"
ICD_reactive.csv,ICD10,Inflammatory arthritis and other inflammatory conditions,Postinfective and reactive arthropathies,"Kuan et al., 2019"
ICD_PSA.csv,ICD10,Inflammatory arthritis and other inflammatory conditions,Psoriatic arthropathy,"Kuan et al., 2019"
ICD_RhA.csv,ICD10,Inflammatory arthritis and other inflammatory conditions,Rheumatoid Arthritis,"Kuan et al., 2019"
ICD_sys_sclerosis.csv,ICD10,Inflammatory arthritis and other inflammatory conditions,Systemic sclerosis,"Kuan et al., 2019"
ICD_collapsed_vert.csv,ICD10,Osteoporosis and vertebral crush fractures,Collapsed vertebra,"Kuan et al., 2019"
ICD_osteoporosis.csv,ICD10,Osteoporosis and vertebral crush fractures,Osteoporosis,"Kuan et al., 2019"
ICD_gout.csv,ICD10,Gout,Gout,"Kuan et al., 2019"
ICD_OA.csv,ICD10,Osteoarthritis (excl spine),Osteoarthritis (excl spine),"Kuan et al., 2019"
ICD_spinal_stenosis.csv,ICD10,Spinal stenosis,Spinal stenosis,"Kuan et al., 2019"
ICD_dm_neuro.csv,ICD10,Peripheral or autonomic neuropathy,Diabetic neurological complications,"Kuan et al., 2019"
ICD_autonomic_neuro.csv,ICD10,Peripheral or autonomic neuropathy,Disorders of autonomic nervous system,"Kuan et al., 2019"
ICD_periph_neuro.csv,ICD10,Peripheral or autonomic neuropathy,Peripheral neuropathies (excluding cranial nerve and carpal tunnel syndromes),"Kuan et al., 2019"
ICD_cerebral_palsy.csv,ICD10,Cerebral Palsy,Cerebral Palsy,"Kuan et al., 2019"
ICD_epilepsy.csv,ICD10,Epilepsy,Epilepsy,"Kuan et al., 2019"
ICD_migraine.csv,ICD10,Migraine,Migraine,"Kuan et al., 2019"
ICD_MND.csv,ICD10,Motor neuron disease,Motor neuron disease,"Kuan et al., 2019"
ICD_MS.csv,ICD10,Multiple sclerosis,Multiple sclerosis,"Kuan et al., 2019"
ICD_myasthenia.csv,ICD10,Myasthenia gravis,Myasthenia gravis,"Kuan et al., 2019"
ICD_Parkinsons.csv,ICD10,Parkinson's disease,Parkinson's disease,"Kuan et al., 2019"
ICD_chronic_fatigue.csv,ICD10,"Postviral fatigue syndrome, neurasthenia and fibromyalgia","Postviral fatigue syndrome, neurasthenia and fibromyalgia","Kuan et al., 2019"
ICD_downs.csv,ICD10,Down's syndrome,Down's syndrome,"Kuan et al., 2019"
ICD_psoriasis.csv,ICD10,Psoriasis,Psoriasis,"Kuan et al., 2019"
OPCS_CHD_NOS.csv,OPCS-4,Coronary heart disease,Coronary heart disease not otherwise specified,"Kuan et al., 2019"
OPCS_myocardial_infarction.csv,OPCS-4,Coronary heart disease,Myocardial infarction,"Kuan et al., 2019"
OPCS_peripheral_arterial_disease.csv,OPCS-4,Peripheral arterial disease,Peripheral arterial disease,"Kuan et al., 2019"
OPCS_GORD.csv,OPCS-4,"Gastro-oesophageal reflux, gastritis and similar",Gastro-oesophageal reflux disease,"Kuan et al., 2019"
OPCS_diverticuli.csv,OPCS-4,Diverticular disease of intestine (acute and chronic),Diverticular disease of intestine (acute and chronic),"Kuan et al., 2019"
OPCS_ulcer_peptic.csv,OPCS-4,Peptic ulcer disease,Peptic ulcer disease,"Kuan et al., 2019"
OPCS_glaucoma.csv,OPCS-4,Glaucoma,Glaucoma,"Kuan et al., 2019"
OPCS_ESRD.csv,OPCS-4,Chronic renal disease,End stage renal disease,"Kuan et al., 2019"
OPCS_collapsed_vert.csv,OPCS-4,Osteoporosis and vertebral crush fractures,Collapsed vertebra,"Kuan et al., 2019"
,,,,
,,,,
References,,,,
"Denaxas, S., Gonzalez-Izquierdo, A., Direk, K., Fitzpatrick, N. K., Fatemifar, G., Banerjee, A., Dobson, R. J. B., Howe, L. J., Kuan, V., Lumbers, R. T., Pasea, L., Patel, R. S., Shah, A. D., Hingorani, A. D., Sudlow, C., & Hemingway, H. (2019). UK phenomics platform for developing and validating electronic health record phenotypes: CALIBER. Journal of the American Medical Informatics Association. https://doi.org/10.1093/jamia/ocz105 ",,,,
"Douglas, I., & Tomlinson, L. (2020). OpenCodelists: Other Respiratory Conditions. In (Version 2020-07-21) Bennett Institute for Applied Data Science. https://www.opencodelists.org/codelist/opensafely/other-respiratory-conditions/2020-05-14/",,,,
"Drysdale, H. (2020a). OpenCodelists: Multiple Sclerosis. In (Version 2020-05-12) Bennett Institute for Applied Data Science. https://www.opencodelists.org/codelist/opensafely/multiple-sclerosis/2020-05-12/",,,,
"Drysdale, H. (2020b). OpenCodelists: Rheumatoid Arthritis. In (Version 2020-05-12) Bennett Institute for Applied Data Science. https://www.opencodelists.org/codelist/opensafely/rheumatoid-arthritis/2020-05-12/",,,,
"Drysdale, H., & Morton, C. (2020a). OpenCodelists: Myocardial infarction. In (Version 2020-06-25) Bennett Institute for Applied Data Science. https://www.opencodelists.org/codelist/opensafely/myocardial-infarction/2020-06-25/",,,,
"Drysdale, H., & Morton, C. (2020b). OpenCodelists: Systemic Lupus Erythematosus (SLE). In (Version 2020-05-12) Bennett Institute for Applied Data Science. https://www.opencodelists.org/codelist/opensafely/systemic-lupus-erythematosus-sle/2020-05-12/",,,,
"Drysdale, H., & Morton, C. (2020c). OpenCodelists: Type 1 Diabetes. In (Version 2020-06-29) Bennett Institute for Applied Data Science. https://www.opencodelists.org/codelist/opensafely/type-1-diabetes/2020-06-29/",,,,
"Fabbri, C., Hagenaars, S. P., John, C., Williams, A. T., Shrine, N., Moles, L., Hanscombe, K. B., Serretti, A., Shepherd, D. J., Free, R. S., Wain, L. V., Tobin, M. D., & Lewis, C. M. (2020). Genetic and clinical characteristics of treatment-resistant depression using primary care records in two UK cohorts. 2020.2008.2024.20178715. https://doi.org/10.1101/2020.08.24.20178715 %J medRxiv ",,,,
"Ferguson, A. C., Thrippleton, S., Henshall, D., Whittaker, E., Conway, B., MacLeod, M., Malik, R., Rawlik, K., Tenesa, A., Sudlow, C., & Rannikmae, K. (2022). Frequency and Phenotype Associations of Rare Variants in 5 Monogenic Cerebral Small Vessel Disease Genes in 200,000 UK Biobank Participants. Neurology. Genetics, 8(5), e200015. https://doi.org/10.1212/NXG.0000000000200015",,,,
"Forbes, H., Bhaskaran, K., & Tomlinson, L. (2020). OpenCodelists: Hepatitis C. In (Version 2020-07-10) https://www.opencodelists.org/codelist/opensafely/hepatitis-c/2020-07-10/",,,,
"Forbes, H., Drysdale, H., & Morton, C. (2020). OpenCodelists: Osteoarthritis. In (Version 2020-06-04) Bennett Institute for Applied Data Science. https://www.opencodelists.org/codelist/opensafely/osteoarthritis/2020-06-04/",,,,
"Goldacre, B., & Tazare, J. (2020). OpenCodelists: Intellectual disability including Down's Syndrome. In (Version 2020-08-27) Bennett Institute for Applied Data Science. https://www.opencodelists.org/codelist/opensafely/intellectual-disability-including-downs-syndrome/2020-08-27/",,,,
GUMCAD Team. (2019). GUMCAD: Read Codes V2 and CTV3. https://assets.publishing.service.gov.uk/government/uploads/system/uploads/attachment_data/file/790727/GUMCAD_READ_Codes_V2_and_CTV3.ods,,,,
"Horne, E. (2021). read_codes. In GitHub. https://github.com/elsie-h/read_codes",,,,
"Irving, P., Barrett, K., Tang, D., Nijher, M., & de Lusignan, S. (2020). Common infections, mental health problems and healthcare use in people with inflammatory bowel disease: a cohort study protocol. Evidence Based Mental Health, ebmental-2020-300167. https://doi.org/10.1136/ebmental-2020-300167 ",,,,
"Kennedy, E., & Mansfield, K. (2020a). OpenCodelists: Inflammatory Bowel Disease - Unclassified. In (Version 092ac6c0) Bennett Institute for Applied Data Science. https://www.opencodelists.org/codelist/opensafely/inflammatory-bowel-disease-unclassified/092ac6c0/",,,,
"Kennedy, E., & Mansfield, K. (2020b). OpenCodelists: Ulcerative colitis. In (Version 3b49ad2a) Bennett Institute for Applied Data Science. https://www.opencodelists.org/codelist/opensafely/ulcerative-colitis/3b49ad2a/",,,,
"Kuan, V., Denaxas, S., Gonzalez-Izquierdo, A., Direk, K., Bhatti, O., Husain, S., Sutaria, S., Hingorani, M., Nitsch, D., Parisinos, C. A., Lumbers, R. T., Mathur, R., Sofat, R., Casas, J. P., Wong, I. C. K., Hemingway, H., & Hingorani, A. D. (2019). A chronological map of 308 physical and mental health conditions from 4 million individuals in the English National Health Service. The Lancet Digital Health, 1(2), e63-e77. https://doi.org/https://doi.org/10.1016/S2589-7500(19)30012-3 ",,,,
"MacKenna, B., & Douglas, I. (2020). OpenCodelists: COPD Infection. In (Version 2020-05-16) Bennett Institute for Applied Data Science. https://www.opencodelists.org/codelist/opensafely/copd-infection/2020-05-16/",,,,
"MacKenna, B., Douglas, I., & Morton, C. (2020). OpenCodelists: COPD Rescue Packs and Annual Reviews. In (Version 2020-05-15) Bennett Institute for Applied Data Science. https://www.opencodelists.org/codelist/opensafely/copd-rescue-packs-and-annual-reviews/2020-05-15/",,,,
"MacKenna, B., & Mathur, R. (2020). OpenCodelists: Diabetes Ketoacidosis - CTV3 (DKA - unspecific). In (Version 2020-10-07) Bennett Institute for Applied Data Science. https://www.opencodelists.org/codelist/opensafely/diabetes-ketoacidosis-ctv3-dka-unspecific/2020-10-07/",,,,
"MacKenna, B., & Mehrkar, A. (2020). OpenCodelists: Atrial fibrillation - Clinical finding. In (Version 2020-07-09) Bennett Institute for Applied Data Science. https://www.opencodelists.org/codelist/opensafely/atrial-fibrillation-clinical-finding/2020-07-09/",,,,
"McDonald, H. (2021a). OpenCodelists: Cerebral palsy. In (Version 1835edac) Bennett Institute for Applied Data Science. https://www.opencodelists.org/codelist/opensafely/cerebral-palsy/1835edac/",,,,
"McDonald, H. (2021b). OpenCodelists: Down syndrome. In (Version 15832db6) Bennett Institute for Applied Data Science. https://www.opencodelists.org/codelist/opensafely/down-syndrome/15832db6/",,,,
"McDonald, H., Mehrkar, A., & Tomlinson, L. (2020). OpenCodelists: Surgery for peripheral artery disease. In (Version 2020-09-16) Bennett Institute for Applied Data Science. https://www.opencodelists.org/codelist/opensafely/surgery-for-peripheral-artery-disease/2020-09-16/",,,,
"McDonald, H., & Tazare, J. (2020). OpenCodelists: Atrial fibrillation or flutter. In (Version 2020-07-30) Bennett Institute for Applied Data Science. https://www.opencodelists.org/codelist/opensafely/atrial-fibrillation-or-flutter/2020-07-30/",,,,
"Minassian, C., & Tomlinson, L. (2020a). OpenCodelists: Cystic Fibrosis. In (Version 2020-07-20) Bennett Institute for Applied Data Science. https://www.opencodelists.org/codelist/opensafely/cystic-fibrosis/2020-07-20/",,,,
"Minassian, C., & Tomlinson, L. (2020b). OpenCodelists: Other Chronic Respiratory Disease. In (Version 2020-07-20) Bennett Institute for Applied Data Science. https://www.opencodelists.org/codelist/opensafely/other-chronic-respiratory-disease/158d221a/",,,,
"Morton, C., & Bhaskaran, K. (2020). OpenCodelists: Chronic Cardiac Disease. In (Version 2020-04-08) https://www.opencodelists.org/codelist/opensafely/chronic-cardiac-disease/2020-04-08/",,,,
"Morton, C., & Douglas, I. (2020a). OpenCodelists: Asthma Diagnosis. In (Version 2020-04-15) Bennett Institute for Applied Data Science. https://www.opencodelists.org/codelist/opensafely/asthma-diagnosis/2020-04-15/",,,,
"Morton, C., & Douglas, I. (2020b). OpenCodelists: GI Bleed or Ulcer. In (Version 2020-04-08) Bennett Institute for Applied Data Science. https://www.opencodelists.org/codelist/opensafely/gi-bleed-or-ulcer/2020-04-08/",,,,
"Morton, C., & Drysdale, H. (2020a). OpenCodelists: Diabetes Unknown Type. In (Version 2020-06-29) Bennett Institute for Applied Data Science. https://www.opencodelists.org/codelist/opensafely/diabetes-unknown-type/2020-06-29/",,,,
"Morton, C., & Drysdale, H. (2020b). OpenCodelists: Type 2 Diabetes. In (Version 2020-06-29) Bennett Institute for Applied Data Science. https://www.opencodelists.org/codelist/opensafely/type-2-diabetes/2020-06-29/",,,,
"Morton, C., & MacKenna, B. (2020). OpenCodelists: Chronic Respiratory Disease. In (Version 2020-04-10) Bennett Institute for Applied Data Science. https://www.opencodelists.org/codelist/opensafely/chronic-respiratory-disease/2020-04-10/",,,,
"Morton, C., & Tomlinson, L. (2020). OpenCodelists: RA / SLE / Psoriasis. In (Version 2020-04-14) Bennett Institute for Applied Data Science. https://www.opencodelists.org/codelist/opensafely/ra-sle-psoriasis/2020-04-14/",,,,
"Morton, C., & Walker, A. (2020a). OpenCodelists: Cancer excluding lung and haematological. In (Version 2020-04-15) Bennett Institute for Applied Data Science. https://www.opencodelists.org/codelist/opensafely/cancer-excluding-lung-and-haematological/2020-04-15/",,,,
"Morton, C., & Walker, A. (2020b). OpenCodelists: Chronic liver disease. In (Version 2020-06-02) Bennett Institute for Applied Data Science. https://www.opencodelists.org/codelist/opensafely/chronic-liver-disease/2020-06-02/",,,,
"Morton, C., & Walker, A. (2020c). OpenCodelists: Diabetes. In (Version 2020-04-15) Bennett Institute for Applied Data Science. https://www.opencodelists.org/codelist/opensafely/diabetes/47ac0884/",,,,
"Morton, C., & Walker, A. (2020d). OpenCodelists: Haematological Cancer. In (Version 2020-04-15) Bennett Institute for Applied Data Science. https://www.opencodelists.org/codelist/opensafely/haematological-cancer/2020-04-15/",,,,
"Morton, C., & Walker, A. (2020e). OpenCodelists: Inflammatory Bowel Disease. In (Version 2020-04-07) Bennett Institute for Applied Data Science. https://www.opencodelists.org/codelist/opensafely/inflammatory-bowel-disease/2020-04-07/",,,,
"Morton, C., & Walker, A. (2020f). OpenCodelists: Lung Cancer. In (Version 2020-04-15) Bennett Institute for Applied Data Science. https://www.opencodelists.org/codelist/opensafely/lung-cancer/2020-04-15/",,,,
"Morton, C., & Walker, A. (2020g). OpenCodelists: Sickle Cell Disease. In (Version 2020-04-14) Bennett Institute for Applied Data Science. https://www.opencodelists.org/codelist/opensafely/sickle-cell-disease/2020-04-14/",,,,
"NHS England North, & Northern England, Y. H., Cheshire & Merseyside and Greater Manchester, Lancashire & South Cumbria Strategic Clinical Networks,. (2015). North Guidance on Dementia Delirium Coding. http://www.yhscn.nhs.uk/media/PDFs/mhdn/Dementia/Dementia%20Diagnosis/2016/North%20Guidance%20on%20Dementia%20%20Delirium%20Coding%20-%2011th%20Sept%202015%20v4.1.pdf",,,,
"NHS London Clinical Networks. (2016). Guidance to GPs to improve dementia coding, and raise diagnosis rates. A step by step approach (GP coding clean-up exercise, Issue. http://www.londonscn.nhs.uk/wp-content/uploads/2014/11/dem-gpcoding-july16.pdf",,,,
"Nwaru, B. I., Pillinger, R., Tibble, H., Shah, S. A., Ryan, D., Critchley, H., Price, D., Hawrylowicz, C. M., Simpson, C. R., Soyiri, I. N., Appiagyei, F., & Sheikh, A. (2020). Hormonal contraceptives and onset of asthma in reproductive-age women: Population-based cohort study. Journal of Allergy and Clinical Immunology, 146(2), 438-446. https://doi.org/10.1016/j.jaci.2020.02.027 ",,,,
OpenCodelists: Atrial fibrillation exception reporting. In. (2020). (Version 2020-07-09) Bennett Institute for Applied Data Science. https://www.opencodelists.org/codelist/opensafely/atrial-fibrillation-exception-reporting/2020-07-09/,,,,
OpenCodelists: Atrial fibrillation quality indicator care unsuitable for patient. In. (2020). (Version 2020-07-09) Bennett Institute for Applied Data Science. https://www.opencodelists.org/codelist/opensafely/atrial-fibrillation-quality-indicator-care-unsuitable-for-patient/2020-07-09/,,,,
OpenCodelists: Atrial fibrillation resolved. In. (2020). (Version 2020-07-09) Bennett Institute for Applied Data Science. https://www.opencodelists.org/codelist/opensafely/atrial-fibrillation-resolved/2020-07-09/,,,,
OpenCodelists: Atrial fibrillation: Patient has chosen not to receive atrial fibrillation quality indicator care. In. (2020). Bennett Institute for Applied Data Science. https://www.opencodelists.org/codelist/opensafely/atrial-fibrillation-patient-has-chosen-not-to-receive-atrial-fibrillation-quality-indicator-care/2020-07-09/,,,,
OpenCodelists: Crohn's Disease. In. (Version 223a39f5) Bennett Institute for Applied Data Science. https://www.opencodelists.org/codelist/opensafely/crohns-disease/223a39f5/,,,,
"Rannikmäe, K., Ngoh, K., Bush, K., Al-Shahi Salman, R., Doubal, F., Flaig, R., Henshall, D. E., Hutchison, A., Nolan, J., Osborne, S., Samarasekera, N., Schnier, C., Whiteley, W., Wilkinson, T., Wilson, K., Woodfield, R., Zhang, Q., Allen, N., & Sudlow, C. L. M. (2020). Accuracy of identifying incident stroke cases from linked health care data in UK Biobank. Neurology, 95(6), e697–e707. https://doi.org/10.1212/WNL.0000000000009924",,,,
